{
    "text": {
        "$ALL_FIELDS$": {
            "multivalue": {
                "payload_pattern": {
                    "create": "'$.object_attributes.%s' % (self.name)",
                    "update": "'$.changelog.items[?(@.field==\\'%s\\')]' % (self.name)"
                },
                "blank_value": [],
                "reset_value": [{ "set": [] }]
            },
            "custom": {
                "payload_pattern": {
                    "create": "'$.object_attributes.%s' % (self.name)",
                    "update": "'$.changelog.items[?(@.field==\\'%s\\').toString]' % (self.display_name)"
                },
                "multivalue": {
                    "payload_pattern": {
                        "create": "'$.object_attributes.%s' % (self.name)",
                        "update": "'$.changelog.items[?(@.field==\\'%s\\')]' % (self.display_name)"
                    },
                    "blank_value": [],
                    "reset_value": [{ "set": [] }]
                },
                "blank_value": null
            }
        }
    },
    "numeric": {
        "$ALL_FIELDS$": {
            "custom": {
                "payload_pattern": {
                    "create": "'$.object_attributes.%s' % (self.name)",
                    "update": "'$.changelog.items[?(@.field==\\'%s\\').toString]' % (self.display_name)"
                }
            },
            "payload_pattern": {
                "create": "'$.object_attributes.%s' % (self.name)",
                "update": "'$.changelog.items[?(@.field==\\'%s\\').toString]' % (self.name)"
            }
        }
    },
    "default": {
        "payload_pattern": {
            "create": "'$.object_attributes.%s' % (self.name)",
            "update": "'$.changelog.items[?(@.field==\\'%s\\').toString]' % (self.name)"
        },
        "blank_value": null,
        "reset_value": null
    }
}

